,Rank,Week,Date,Day,Winner,Winner_Pts,At,Loser,Loser_Pts,Notes
0,1,1,"Sep 5, 1981",Sat,Alabama,24,@,Louisiana State,7,
1,2,1,"Sep 5, 1981",Sat,Appalachian State,48,,Lenoir-Rhyne,9,
2,3,1,"Sep 5, 1981",Sat,Auburn,24,,Texas Christian,16,
3,4,1,"Sep 5, 1981",Sat,Brigham Young,31,@,Long Beach State,8,
4,5,1,"Sep 5, 1981",Sat,Clemson,45,,Wofford,10,
5,6,1,"Sep 5, 1981",Sat,Drake,39,@,Northern Iowa,30,
6,7,1,"Sep 5, 1981",Sat,East Carolina,42,,Western Carolina,6,
7,8,1,"Sep 5, 1981",Sat,East Tennessee State,31,,Tennessee Tech,22,
8,9,1,"Sep 5, 1981",Sat,Florida State,17,,Louisville,0,
9,10,1,"Sep 5, 1981",Sat,Fresno State,23,,Oregon,16,
10,11,1,"Sep 5, 1981",Sat,Georgia,44,,Tennessee,0,
11,12,1,"Sep 5, 1981",Sat,Houston,21,,New Mexico,10,
12,13,1,"Sep 5, 1981",Sat,Illinois State,31,,Western Illinois,7,
13,14,1,"Sep 5, 1981",Sat,Kansas,15,@,Tulsa,11,
14,15,1,"Sep 5, 1981",Sat,Kentucky,28,,North Texas,6,
15,16,1,"Sep 5, 1981",Sat,Lamar,18,@,Baylor,17,
16,17,1,"Sep 5, 1981",Sat,Louisiana-Monroe,38,,Indiana State,8,
17,18,1,"Sep 5, 1981",Sat,McNeese State,27,,Southern Illinois,12,
18,19,1,"Sep 5, 1981",Sat,Miami (FL),21,,Florida,20,
19,20,1,"Sep 5, 1981",Sat,Mississippi,19,@,Tulane,18,
20,21,1,"Sep 5, 1981",Sat,Mississippi State,20,,Memphis,3,"Jackson, MS"
21,22,1,"Sep 5, 1981",Sat,Nevada-Las Vegas,16,@,San Jose State,6,
22,23,1,"Sep 5, 1981",Sat,New Mexico State,14,@,Texas-El Paso,7,
23,24,1,"Sep 5, 1981",Sat,North Carolina State,27,,Richmond,21,
24,25,1,"Sep 5, 1981",Sat,Pacific,10,,Central Michigan,3,
25,26,1,"Sep 5, 1981",Sat,Pittsburgh,26,,Illinois,6,
26,27,1,"Sep 5, 1981",Sat,Rutgers,29,@,Syracuse,27,
27,28,1,"Sep 5, 1981",Sat,South Carolina,23,@,Wake Forest,6,
28,29,1,"Sep 5, 1981",Sat,Southern Methodist,48,,Texas-Arlington,0,
29,30,1,"Sep 5, 1981",Sat,Southern Mississippi,33,,Louisiana-Lafayette,7,
30,31,1,"Sep 5, 1981",Sat,Temple,42,,William & Mary,0,
31,32,1,"Sep 5, 1981",Sat,Texas A&M;,29,@,California,28,
32,33,1,"Sep 5, 1981",Sat,Utah,10,,Utah State,0,
33,34,1,"Sep 5, 1981",Sat,West Texas A&M;,17,,Louisiana Tech,10,
34,35,1,"Sep 5, 1981",Sat,Wichita State,38,,Missouri Southern,6,
35,36,1,"Sep 5, 1981",Sat,Wyoming,38,,Cal State Fullerton,13,
36,37,1,"Sep 5, 1981",Sat,Youngstown State,19,@,Cincinnati,13,
37,38,2,"Sep 12, 1981",Sat,Akron,14,@,Eastern Michigan,7,
38,39,2,"Sep 12, 1981",Sat,Appalachian State,45,,James Madison,0,
39,40,2,"Sep 12, 1981",Sat,Arizona State,52,,Utah,10,
40,41,2,"Sep 12, 1981",Sat,Arkansas,14,,Tulsa,10,
41,42,2,"Sep 12, 1981",Sat,Arkansas State,35,@,Louisiana-Monroe,13,
42,43,2,"Sep 12, 1981",Sat,Ball State,24,,McNeese State,21,
43,44,2,"Sep 12, 1981",Sat,Baylor,38,,Bowling Green State,0,
44,45,2,"Sep 12, 1981",Sat,Brigham Young,45,,Air Force,21,
45,46,2,"Sep 12, 1981",Sat,Chattanooga,42,,Middle Tennessee State,19,
46,47,2,"Sep 12, 1981",Sat,Clemson,13,@,Tulane,5,
47,48,2,"Sep 12, 1981",Sat,Colorado,45,,Texas Tech,27,
48,49,2,"Sep 12, 1981",Sat,Drake,17,,Indiana State,14,
49,50,2,"Sep 12, 1981",Sat,Florida,35,,Furman,7,
50,51,2,"Sep 12, 1981",Sat,Florida State,10,,Memphis,5,
51,52,2,"Sep 12, 1981",Sat,Georgia,27,,California,13,
52,53,2,"Sep 12, 1981",Sat,Georgia Tech,24,@,Alabama,21,"Birmingham, AL"
53,54,2,"Sep 12, 1981",Sat,Holy Cross,14,,Boston University,6,
54,55,2,"Sep 12, 1981",Sat,Illinois,27,@,Michigan State,17,
55,56,2,"Sep 12, 1981",Sat,Indiana,21,@,Northwestern,20,
56,57,2,"Sep 12, 1981",Sat,Iowa,10,,Nebraska,7,
57,58,2,"Sep 12, 1981",Sat,Iowa State,17,,West Texas A&M;,13,
58,59,2,"Sep 12, 1981",Sat,Kansas,19,,Oregon,10,
59,60,2,"Sep 12, 1981",Sat,Kansas State,31,,South Dakota,10,
60,61,2,"Sep 12, 1981",Sat,Long Beach State,17,@,Northern Illinois,7,
61,62,2,"Sep 12, 1981",Sat,Louisiana Tech,31,,East Tennessee State,3,
62,63,2,"Sep 12, 1981",Sat,Louisville,31,,Toledo,6,
63,64,2,"Sep 12, 1981",Sat,Marshall,20,,Morehead State,17,
64,65,2,"Sep 12, 1981",Sat,Miami (OH),33,@,William & Mary,14,
65,66,2,"Sep 12, 1981",Sat,Minnesota,19,,Ohio,17,
66,67,2,"Sep 12, 1981",Sat,Mississippi,20,@,South Carolina,13,
67,68,2,"Sep 12, 1981",Sat,Missouri,24,,Army,10,
68,69,2,"Sep 12, 1981",Sat,Navy,17,,Citadel,7,
69,70,2,"Sep 12, 1981",Sat,Nevada-Las Vegas,49,,New Mexico,42,
70,71,2,"Sep 12, 1981",Sat,North Carolina,56,,East Carolina,0,
71,72,2,"Sep 12, 1981",Sat,North Carolina State,28,@,Wake Forest,23,
72,73,2,"Sep 12, 1981",Sat,Notre Dame,27,,Louisiana State,9,
73,74,2,"Sep 12, 1981",Sat,Ohio State,34,,Duke,13,
74,75,2,"Sep 12, 1981",Sat,Oklahoma,37,,Wyoming,20,
75,76,2,"Sep 12, 1981",Sat,Oregon State,31,,Fresno State,28,
76,77,2,"Sep 12, 1981",Sat,Penn State,52,,Cincinnati,0,
77,78,2,"Sep 12, 1981",Sat,Purdue,27,,Stanford,19,
78,79,2,"Sep 12, 1981",Sat,Rutgers,13,,Colgate,5,
79,80,2,"Sep 12, 1981",Sat,San Diego State,30,@,Colorado State,14,
80,81,2,"Sep 12, 1981",Sat,San Jose State,41,,Santa Clara,7,
81,82,2,"Sep 12, 1981",Sat,Southeastern Louisiana,7,@,Louisiana-Lafayette,0,
82,83,2,"Sep 12, 1981",Sat,Southern California,43,,Tennessee,7,
83,84,2,"Sep 12, 1981",Sat,Southern Methodist,34,,North Texas,7,
84,85,2,"Sep 12, 1981",Sat,Temple,31,,Syracuse,19,"Philadelphia, PA"
85,86,2,"Sep 12, 1981",Sat,Texas,31,,Rice,3,
86,87,2,"Sep 12, 1981",Sat,Texas A&M-Kingsville;,37,@,Texas-El Paso,15,
87,88,2,"Sep 12, 1981",Sat,Texas-Arlington,26,,New Mexico State,13,
88,89,2,"Sep 12, 1981",Sat,UCLA,35,@,Arizona,18,
89,90,2,"Sep 12, 1981",Sat,Utah State,14,,Cal State Fullerton,9,
90,91,2,"Sep 12, 1981",Sat,Vanderbilt,23,,Maryland,17,
91,92,2,"Sep 12, 1981",Sat,Virginia Military Institute,21,,Western Carolina,14,
92,93,2,"Sep 12, 1981",Sat,Virginia Tech,28,,Richmond,12,
93,94,2,"Sep 12, 1981",Sat,Washington,34,,Pacific,14,
94,95,2,"Sep 12, 1981",Sat,Washington State,33,,Montana State,21,"Spokane, WA"
95,96,2,"Sep 12, 1981",Sat,West Virginia,32,@,Virginia,18,
96,97,2,"Sep 12, 1981",Sat,Western Michigan,20,@,Kent State,17,
97,98,2,"Sep 12, 1981",Sat,Wichita State,13,@,Southern Illinois,7,
98,99,2,"Sep 12, 1981",Sat,Wisconsin,21,,Michigan,14,
99,100,3,"Sep 18, 1981",Fri,Rutgers,3,,Virginia,0,"East Rutherford, NJ"
100,101,3,"Sep 19, 1981",Sat,Alabama,19,@,Kentucky,10,
101,102,3,"Sep 19, 1981",Sat,Appalachian State,31,,Chattanooga,14,
102,103,3,"Sep 19, 1981",Sat,Arizona State,33,,Wichita State,21,
103,104,3,"Sep 19, 1981",Sat,Arkansas,38,,Northwestern,7,"Little Rock, AR"
104,105,3,"Sep 19, 1981",Sat,Baylor,28,@,Louisiana Tech,21,
105,106,3,"Sep 19, 1981",Sat,Boston College,13,,Texas A&M;,12,
106,107,3,"Sep 19, 1981",Sat,Brigham Young,65,@,Texas-El Paso,8,
107,108,3,"Sep 19, 1981",Sat,California,14,@,Arizona,13,
108,109,3,"Sep 19, 1981",Sat,Central Michigan,17,,Northern Illinois,10,
109,110,3,"Sep 19, 1981",Sat,Citadel,12,,Western Carolina,3,
110,111,3,"Sep 19, 1981",Sat,Clemson,13,,Georgia,3,
111,112,3,"Sep 19, 1981",Sat,Colgate,27,,Lehigh,14,
112,113,3,"Sep 19, 1981",Sat,Dartmouth,32,,Princeton,13,
113,114,3,"Sep 19, 1981",Sat,Delaware,13,,Temple,7,
114,115,3,"Sep 19, 1981",Sat,Drake,21,,Western Illinois,6,
115,116,3,"Sep 19, 1981",Sat,Florida,27,,Georgia Tech,6,
116,117,3,"Sep 19, 1981",Sat,Furman,21,,East Tennessee State,0,
117,118,3,"Sep 19, 1981",Sat,Harvard,23,@,Columbia,6,
118,119,3,"Sep 19, 1981",Sat,Hawaii,38,,Cal State Fullerton,12,
119,120,3,"Sep 19, 1981",Sat,Illinois,17,,Syracuse,14,
120,121,3,"Sep 19, 1981",Sat,Illinois State,28,,Eastern Michigan,7,
121,122,3,"Sep 19, 1981",Sat,Indiana State,41,@,New Mexico State,6,
122,123,3,"Sep 19, 1981",Sat,Iowa State,23,,Iowa,12,
123,124,3,"Sep 19, 1981",Sat,Kent State,17,,Akron,6,
124,125,3,"Sep 19, 1981",Sat,Lamar,50,,Sam Houston State,7,"Houston, TX"
125,126,3,"Sep 19, 1981",Sat,Louisiana State,27,,Oregon State,24,
126,127,3,"Sep 19, 1981",Sat,Louisiana-Monroe,20,,Louisiana-Lafayette,17,
127,128,3,"Sep 19, 1981",Sat,Louisville,35,,Long Beach State,13,
128,129,3,"Sep 19, 1981",Sat,Massachusetts,13,,Holy Cross,10,
129,130,3,"Sep 19, 1981",Sat,McNeese State,59,@,Nicholls State,9,
130,131,3,"Sep 19, 1981",Sat,Miami (FL),12,,Houston,7,
131,132,3,"Sep 19, 1981",Sat,Michigan,25,,Notre Dame,7,
132,133,3,"Sep 19, 1981",Sat,Minnesota,16,,Purdue,13,
133,134,3,"Sep 19, 1981",Sat,Mississippi,7,@,Memphis,3,
134,135,3,"Sep 19, 1981",Sat,Mississippi State,29,,Vanderbilt,9,
135,136,3,"Sep 19, 1981",Sat,Missouri,42,,Rice,10,
136,137,3,"Sep 19, 1981",Sat,Montana State,30,,Fresno State,26,
137,138,3,"Sep 19, 1981",Sat,Navy,24,,Eastern Kentucky,0,
138,139,3,"Sep 19, 1981",Sat,Nebraska,34,,Florida State,14,
139,140,3,"Sep 19, 1981",Sat,North Carolina,49,,Miami (OH),7,
140,141,3,"Sep 19, 1981",Sat,North Carolina State,31,,East Carolina,10,
141,142,3,"Sep 19, 1981",Sat,Ohio,23,,Bowling Green State,21,
142,143,3,"Sep 19, 1981",Sat,Ohio State,27,,Michigan State,13,
143,144,3,"Sep 19, 1981",Sat,Oklahoma State,23,,Tulsa,21,
144,145,3,"Sep 19, 1981",Sat,Oregon,34,,Pacific,0,
145,146,3,"Sep 19, 1981",Sat,Pennsylvania,29,,Cornell,22,
146,147,3,"Sep 19, 1981",Sat,Pittsburgh,38,,Cincinnati,7,
147,148,3,"Sep 19, 1981",Sat,Richmond,24,@,Arkansas State,20,
148,149,3,"Sep 19, 1981",Sat,San Jose State,28,@,Stanford,6,
149,150,3,"Sep 19, 1981",Sat,South Carolina,17,,Duke,3,
150,151,3,"Sep 19, 1981",Sat,Southern California,21,@,Indiana,0,
151,152,3,"Sep 19, 1981",Sat,Southern Methodist,59,,Grambling State,27,
152,153,3,"Sep 19, 1981",Sat,Southern Mississippi,21,,Tulane,3,
153,154,3,"Sep 19, 1981",Sat,Tennessee,42,,Colorado State,0,
154,155,3,"Sep 19, 1981",Sat,Tennessee State,17,@,Southern Illinois,14,
155,156,3,"Sep 19, 1981",Sat,Texas,23,,North Texas,10,
156,157,3,"Sep 19, 1981",Sat,Texas Christian,38,,Texas-Arlington,16,
157,158,3,"Sep 19, 1981",Sat,Texas Tech,28,,New Mexico,21,
158,159,3,"Sep 19, 1981",Sat,Toledo,40,,Ball State,0,
159,160,3,"Sep 19, 1981",Sat,UCLA,31,@,Wisconsin,13,
160,161,3,"Sep 19, 1981",Sat,Utah,46,,Portland State,0,
161,162,3,"Sep 19, 1981",Sat,Utah State,31,,Weber State,18,
162,163,3,"Sep 19, 1981",Sat,Virginia Military Institute,14,@,Army,7,
163,164,3,"Sep 19, 1981",Sat,Virginia Tech,47,,William & Mary,3,
164,165,3,"Sep 19, 1981",Sat,Wake Forest,24,@,Auburn,21,
165,166,3,"Sep 19, 1981",Sat,Washington,20,,Kansas State,3,
166,167,3,"Sep 19, 1981",Sat,Washington State,14,@,Colorado,10,
167,168,3,"Sep 19, 1981",Sat,West Texas A&M;,21,@,Nevada-Las Vegas,17,
168,169,3,"Sep 19, 1981",Sat,West Virginia,17,@,Maryland,13,
169,170,3,"Sep 19, 1981",Sat,Western Michigan,14,,Marshall,3,
170,171,3,"Sep 19, 1981",Sat,Wyoming,17,@,Air Force,10,
171,172,3,"Sep 19, 1981",Sat,Yale,28,,Brown,7,
172,173,4,"Sep 26, 1981",Sat,Alabama,28,@,Vanderbilt,7,
173,174,4,"Sep 26, 1981",Sat,Arizona,37,,Cal State Fullerton,16,
174,175,4,"Sep 26, 1981",Sat,Arkansas,27,@,Mississippi,13,"Jackson, MS"
175,176,4,"Sep 26, 1981",Sat,Arkansas State,26,@,Central Michigan,23,
176,177,4,"Sep 26, 1981",Sat,Army,23,,Brown,17,
177,178,4,"Sep 26, 1981",Sat,Baylor,28,,Texas Tech,15,
178,179,4,"Sep 26, 1981",Sat,Brigham Young,41,@,Colorado,20,
179,180,4,"Sep 26, 1981",Sat,Chattanooga,10,,Jacksonville State,3,
180,181,4,"Sep 26, 1981",Sat,Cincinnati,10,,Rutgers,0,
181,182,4,"Sep 26, 1981",Sat,Citadel,34,,Appalachian State,20,
182,183,4,"Sep 26, 1981",Sat,Colgate,34,@,Cornell,10,
183,184,4,"Sep 26, 1981",Sat,Delaware,61,@,Princeton,8,
184,185,4,"Sep 26, 1981",Sat,Drake,18,@,Kansas State,17,
185,186,4,"Sep 26, 1981",Sat,Duke,29,@,Virginia,24,
186,187,4,"Sep 26, 1981",Sat,East Carolina,28,,Toledo,24,
187,188,4,"Sep 26, 1981",Sat,East Tennessee State,14,@,Marshall,0,
188,189,4,"Sep 26, 1981",Sat,Furman,31,@,Western Carolina,27,
189,190,4,"Sep 26, 1981",Sat,Georgia,24,,South Carolina,0,
190,191,4,"Sep 26, 1981",Sat,Hawaii,21,,Idaho,6,
191,192,4,"Sep 26, 1981",Sat,Holy Cross,33,@,Harvard,19,
192,193,4,"Sep 26, 1981",Sat,Houston,35,,Utah State,7,
193,194,4,"Sep 26, 1981",Sat,Iowa,20,,UCLA,7,
194,195,4,"Sep 26, 1981",Sat,Iowa State,28,,Kent State,19,
195,196,4,"Sep 26, 1981",Sat,Kansas,21,,Kentucky,16,
196,197,4,"Sep 26, 1981",Sat,Lafayette,28,@,Columbia,13,
197,198,4,"Sep 26, 1981",Sat,Lehigh,58,,Pennsylvania,0,
198,199,4,"Sep 26, 1981",Sat,Louisiana State,28,,Rice,14,
199,200,4,"Sep 26, 1981",Sat,Louisiana-Lafayette,34,,North Texas,11,
200,201,4,"Sep 26, 1981",Sat,Maryland,34,@,North Carolina State,9,
201,202,4,"Sep 26, 1981",Sat,Massachusetts,10,,Dartmouth,8,
202,203,4,"Sep 26, 1981",Sat,Memphis,28,@,Georgia Tech,15,
203,204,4,"Sep 26, 1981",Sat,Miami (OH),18,@,Eastern Michigan,12,
204,205,4,"Sep 26, 1981",Sat,Michigan,21,,Navy,16,
205,206,4,"Sep 26, 1981",Sat,Michigan State,10,,Bowling Green State,7,
206,207,4,"Sep 26, 1981",Sat,Minnesota,42,,Oregon State,12,
207,208,4,"Sep 26, 1981",Sat,Mississippi State,28,,Florida,7,"Jackson, MS"
208,209,4,"Sep 26, 1981",Sat,Missouri,34,,Louisville,3,
209,210,4,"Sep 26, 1981",Sat,Nevada-Las Vegas,32,,Long Beach State,31,
210,211,4,"Sep 26, 1981",Sat,New Mexico,27,,Air Force,10,
211,212,4,"Sep 26, 1981",Sat,North Carolina,56,,Boston College,14,
212,213,4,"Sep 26, 1981",Sat,Northern Illinois,40,,Illinois State,7,
213,214,4,"Sep 26, 1981",Sat,Ohio,30,,Ball State,27,
214,215,4,"Sep 26, 1981",Sat,Ohio State,24,@,Stanford,19,
215,216,4,"Sep 26, 1981",Sat,Penn State,30,@,Nebraska,24,
216,217,4,"Sep 26, 1981",Sat,Purdue,15,,Notre Dame,14,
217,218,4,"Sep 26, 1981",Sat,San Diego State,23,@,Oklahoma State,16,
218,219,4,"Sep 26, 1981",Sat,San Jose State,27,@,California,24,
219,220,4,"Sep 26, 1981",Sat,Southern California,28,,Oklahoma,24,
220,221,4,"Sep 26, 1981",Sat,Southern Illinois,36,@,Tulsa,34,
221,222,4,"Sep 26, 1981",Sat,Southern Methodist,20,@,Texas Christian,9,
222,223,4,"Sep 26, 1981",Sat,Southern Mississippi,17,@,Richmond,10,
223,224,4,"Sep 26, 1981",Sat,Syracuse,21,,Indiana,7,
224,225,4,"Sep 26, 1981",Sat,Tennessee,10,,Auburn,7,
225,226,4,"Sep 26, 1981",Sat,Texas,14,,Miami (FL),7,
226,227,4,"Sep 26, 1981",Sat,Texas A&M;,43,,Louisiana Tech,7,
227,228,4,"Sep 26, 1981",Sat,Texas State,24,@,Lamar,7,
228,229,4,"Sep 26, 1981",Sat,Utah,42,@,Northwestern,0,
229,230,4,"Sep 26, 1981",Sat,Virginia Tech,30,,Wake Forest,14,
230,231,4,"Sep 26, 1981",Sat,Washington,17,@,Oregon,3,
231,232,4,"Sep 26, 1981",Sat,Washington State,24,,Arizona State,21,
232,233,4,"Sep 26, 1981",Sat,West Texas A&M;,35,,Texas-Arlington,31,
233,234,4,"Sep 26, 1981",Sat,West Virginia,49,,Colorado State,3,
234,235,4,"Sep 26, 1981",Sat,Wichita State,14,,Indiana State,14,
235,236,4,"Sep 26, 1981",Sat,Wisconsin,21,,Western Michigan,10,
236,237,4,"Sep 26, 1981",Sat,Yale,27,,Connecticut,18,
237,238,5,"Oct 2, 1981",Fri,Brigham Young,32,,Utah State,26,
238,239,5,"Oct 2, 1981",Fri,Utah,38,,Texas-El Paso,10,
239,240,5,"Oct 3, 1981",Sat,Air Force,28,,Colorado State,14,
240,241,5,"Oct 3, 1981",Sat,Alabama,38,,Mississippi,7,
241,242,5,"Oct 3, 1981",Sat,Arizona,17,,Stanford,13,
242,243,5,"Oct 3, 1981",Sat,Arizona State,26,@,Washington,7,
243,244,5,"Oct 3, 1981",Sat,Army,27,@,Harvard,13,
244,245,5,"Oct 3, 1981",Sat,Ball State,23,,Northern Illinois,0,
245,246,5,"Oct 3, 1981",Sat,Cal State Fullerton,34,,Cal Poly,10,
246,247,5,"Oct 3, 1981",Sat,Central Michigan,63,,Eastern Michigan,14,
247,248,5,"Oct 3, 1981",Sat,Chattanooga,31,@,Furman,28,
248,249,5,"Oct 3, 1981",Sat,Clemson,21,@,Kentucky,3,
249,250,5,"Oct 3, 1981",Sat,Colgate,21,,Boston University,14,
250,251,5,"Oct 3, 1981",Sat,Columbia,20,,Pennsylvania,9,
251,252,5,"Oct 3, 1981",Sat,Drake,18,,Long Beach State,7,
252,253,5,"Oct 3, 1981",Sat,Duke,24,,East Carolina,14,
253,254,5,"Oct 3, 1981",Sat,East Tennessee State,17,,Citadel,13,
254,255,5,"Oct 3, 1981",Sat,Florida,24,@,Louisiana State,10,
255,256,5,"Oct 3, 1981",Sat,Florida State,36,@,Ohio State,27,
256,257,5,"Oct 3, 1981",Sat,Holy Cross,28,@,Dartmouth,0,
257,258,5,"Oct 3, 1981",Sat,Houston,24,,Baylor,3,
258,259,5,"Oct 3, 1981",Sat,Illinois,38,,Minnesota,29,
259,260,5,"Oct 3, 1981",Sat,Iowa,64,@,Northwestern,0,
260,261,5,"Oct 3, 1981",Sat,Iowa State,7,,Oklahoma,7,
261,262,5,"Oct 3, 1981",Sat,Kansas,17,,Arkansas State,16,
262,263,5,"Oct 3, 1981",Sat,Louisiana-Monroe,35,@,Louisiana Tech,0,
263,264,5,"Oct 3, 1981",Sat,Louisville,36,,Marshall,0,
264,265,5,"Oct 3, 1981",Sat,Miami (FL),48,,Vanderbilt,16,
265,266,5,"Oct 3, 1981",Sat,Miami (OH),20,,Kent State,13,
266,267,5,"Oct 3, 1981",Sat,Michigan,38,@,Indiana,17,
267,268,5,"Oct 3, 1981",Sat,Middle Tennessee State,23,@,Western Carolina,10,
268,269,5,"Oct 3, 1981",Sat,Missouri,14,@,Mississippi State,3,"Jackson, MS"
269,270,5,"Oct 3, 1981",Sat,Nebraska,17,,Auburn,3,
270,271,5,"Oct 3, 1981",Sat,North Carolina,28,@,Georgia Tech,7,
271,272,5,"Oct 3, 1981",Sat,North Carolina State,30,,Virginia,24,
272,273,5,"Oct 3, 1981",Sat,Notre Dame,20,,Michigan State,7,
273,274,5,"Oct 3, 1981",Sat,Oklahoma State,9,@,North Texas,0,"Irving, TX"
274,275,5,"Oct 3, 1981",Sat,Penn State,30,,Temple,0,
275,276,5,"Oct 3, 1981",Sat,Pittsburgh,42,@,South Carolina,28,
276,277,5,"Oct 3, 1981",Sat,Princeton,20,@,Brown,17,
277,278,5,"Oct 3, 1981",Sat,Rice,20,,Tulane,16,
278,279,5,"Oct 3, 1981",Sat,Richmond,24,,James Madison,7,
279,280,5,"Oct 3, 1981",Sat,Rutgers,31,,Cornell,17,
280,281,5,"Oct 3, 1981",Sat,San Diego State,17,@,New Mexico,15,
281,282,5,"Oct 3, 1981",Sat,San Jose State,65,@,Fresno State,33,
282,283,5,"Oct 3, 1981",Sat,Southern California,56,@,Oregon State,22,
283,284,5,"Oct 3, 1981",Sat,Southern Illinois,14,,Illinois State,3,
284,285,5,"Oct 3, 1981",Sat,Southern Mississippi,52,,Texas-Arlington,9,
285,286,5,"Oct 3, 1981",Sat,Stephen F. Austin,13,@,Lamar,10,
286,287,5,"Oct 3, 1981",Sat,Syracuse,17,,Maryland,17,
287,288,5,"Oct 3, 1981",Sat,Texas A&M;,24,@,Texas Tech,23,
288,289,5,"Oct 3, 1981",Sat,Texas Christian,28,,Arkansas,24,
289,290,5,"Oct 3, 1981",Sat,Toledo,21,,Ohio,14,
290,291,5,"Oct 3, 1981",Sat,Tulsa,35,,Kansas State,21,
291,292,5,"Oct 3, 1981",Sat,UCLA,27,,Colorado,7,
292,293,5,"Oct 3, 1981",Sat,Virginia Military Institute,31,,William & Mary,14,
293,294,5,"Oct 3, 1981",Sat,Virginia Tech,17,,Memphis,13,
294,295,5,"Oct 3, 1981",Sat,Wake Forest,15,,Appalachian State,14,
295,296,5,"Oct 3, 1981",Sat,Washington State,31,,Pacific,0,
296,297,5,"Oct 3, 1981",Sat,West Texas A&M;,31,@,McNeese State,24,
297,298,5,"Oct 3, 1981",Sat,West Virginia,38,@,Boston College,10,
298,299,5,"Oct 3, 1981",Sat,Western Michigan,21,@,Bowling Green State,7,
299,300,5,"Oct 3, 1981",Sat,Wichita State,24,@,New Mexico State,20,
300,301,5,"Oct 3, 1981",Sat,Wisconsin,20,,Purdue,14,
301,302,5,"Oct 3, 1981",Sat,Wyoming,45,,Nevada-Las Vegas,21,
302,303,5,"Oct 3, 1981",Sat,Yale,23,,Navy,19,
303,304,6,"Oct 10, 1981",Sat,Arizona,13,@,Southern California,10,
304,305,6,"Oct 10, 1981",Sat,Arizona State,24,,Oregon,0,
305,306,6,"Oct 10, 1981",Sat,Arkansas,26,@,Texas Tech,14,
306,307,6,"Oct 10, 1981",Sat,Arkansas State,14,,Louisiana-Lafayette,3,
307,308,6,"Oct 10, 1981",Sat,Auburn,19,,Louisiana State,7,
308,309,6,"Oct 10, 1981",Sat,Brown,26,@,Pennsylvania,24,
309,310,6,"Oct 10, 1981",Sat,Cal State Fullerton,13,,Fresno State,10,
310,311,6,"Oct 10, 1981",Sat,Central Michigan,15,@,Western Michigan,13,
311,312,6,"Oct 10, 1981",Sat,Chattanooga,20,,Marshall,0,
312,313,6,"Oct 10, 1981",Sat,Cincinnati,19,@,Ohio,9,
313,314,6,"Oct 10, 1981",Sat,Clemson,27,,Virginia,0,
314,315,6,"Oct 10, 1981",Sat,Drake,24,@,Wichita State,23,
315,316,6,"Oct 10, 1981",Sat,Duke,14,,Virginia Tech,7,
316,317,6,"Oct 10, 1981",Sat,East Carolina,17,@,Richmond,13,
317,318,6,"Oct 10, 1981",Sat,Florida,15,,Maryland,10,
318,319,6,"Oct 10, 1981",Sat,Florida State,19,@,Notre Dame,13,
319,320,6,"Oct 10, 1981",Sat,Furman,22,,Appalachian State,18,
320,321,6,"Oct 10, 1981",Sat,Georgia,37,@,Mississippi,7,
321,322,6,"Oct 10, 1981",Sat,Harvard,27,@,Cornell,10,
322,323,6,"Oct 10, 1981",Sat,Hawaii,14,@,Wyoming,9,
323,324,6,"Oct 10, 1981",Sat,Illinois State,25,,Eastern Illinois,3,
324,325,6,"Oct 10, 1981",Sat,Indiana State,31,,Ball State,7,
325,326,6,"Oct 10, 1981",Sat,Iowa,42,,Indiana,28,
326,327,6,"Oct 10, 1981",Sat,Kent State,31,,Northern Illinois,10,
327,328,6,"Oct 10, 1981",Sat,Lamar,17,@,Louisiana-Monroe,13,
328,329,6,"Oct 10, 1981",Sat,Louisville,14,@,Memphis,7,
329,330,6,"Oct 10, 1981",Sat,McNeese State,42,@,Northwestern State,21,
330,331,6,"Oct 10, 1981",Sat,Miami (OH),7,,Bowling Green State,7,
331,332,6,"Oct 10, 1981",Sat,Michigan,38,@,Michigan State,20,
332,333,6,"Oct 10, 1981",Sat,Minnesota,35,,Northwestern,23,
333,334,6,"Oct 10, 1981",Sat,Mississippi State,37,@,Colorado State,27,
334,335,6,"Oct 10, 1981",Sat,Missouri,58,,Kansas State,13,
335,336,6,"Oct 10, 1981",Sat,Navy,30,,Air Force,13,
336,337,6,"Oct 10, 1981",Sat,Nebraska,59,,Colorado,0,
337,338,6,"Oct 10, 1981",Sat,Nevada-Las Vegas,45,@,Brigham Young,41,
338,339,6,"Oct 10, 1981",Sat,New Mexico,26,,Texas-El Paso,3,
339,340,6,"Oct 10, 1981",Sat,North Carolina,48,,Wake Forest,10,
340,341,6,"Oct 10, 1981",Sat,North Texas,38,,New Mexico State,16,
341,342,6,"Oct 10, 1981",Sat,Oklahoma State,20,@,Kansas,7,
342,343,6,"Oct 10, 1981",Sat,Penn State,38,,Boston College,7,
343,344,6,"Oct 10, 1981",Sat,Pittsburgh,17,@,West Virginia,0,
344,345,6,"Oct 10, 1981",Sat,Princeton,21,,Columbia,14,
345,346,6,"Oct 10, 1981",Sat,Purdue,44,,Illinois,20,
346,347,6,"Oct 10, 1981",Sat,Rice,41,,Texas Christian,28,
347,348,6,"Oct 10, 1981",Sat,Rutgers,17,@,Army,0,
348,349,6,"Oct 10, 1981",Sat,San Diego State,52,,Iowa State,31,
349,350,6,"Oct 10, 1981",Sat,South Carolina,28,@,Kentucky,14,
350,351,6,"Oct 10, 1981",Sat,Southern Illinois,29,@,West Texas A&M;,22,
351,352,6,"Oct 10, 1981",Sat,Southern Methodist,37,,Baylor,20,
352,353,6,"Oct 10, 1981",Sat,Southern Mississippi,13,,Alabama,13,"Birmingham, AL"
353,354,6,"Oct 10, 1981",Sat,Stanford,26,,UCLA,23,
354,355,6,"Oct 10, 1981",Sat,Temple,31,,Colgate,0,"Philadelphia, PA"
355,356,6,"Oct 10, 1981",Sat,Tennessee,10,,Georgia Tech,7,
356,357,6,"Oct 10, 1981",Sat,Texas,34,,Oklahoma,14,"Dallas, TX"
357,358,6,"Oct 10, 1981",Sat,Texas A&M;,7,,Houston,6,
358,359,6,"Oct 10, 1981",Sat,Texas-Arlington,31,@,Louisiana Tech,14,
359,360,6,"Oct 10, 1981",Sat,Toledo,42,@,Eastern Michigan,7,
360,361,6,"Oct 10, 1981",Sat,Tulane,14,,Vanderbilt,10,
361,362,6,"Oct 10, 1981",Sat,Utah State,17,@,Pacific,14,
362,363,6,"Oct 10, 1981",Sat,Virginia Military Institute,14,,Citadel,0,"Norfolk, VA"
363,364,6,"Oct 10, 1981",Sat,Washington,27,@,California,26,
364,365,6,"Oct 10, 1981",Sat,Washington State,23,@,Oregon State,0,
365,366,6,"Oct 10, 1981",Sat,Western Carolina,37,@,Wofford,30,
366,367,6,"Oct 10, 1981",Sat,William & Mary,12,@,Dartmouth,7,
367,368,6,"Oct 10, 1981",Sat,Wisconsin,24,,Ohio State,21,
368,369,6,"Oct 10, 1981",Sat,Yale,29,@,Holy Cross,28,
369,370,7,"Oct 17, 1981",Sat,Alabama,38,,Tennessee,19,"Birmingham, AL"
370,371,7,"Oct 17, 1981",Sat,Arizona,18,@,Oregon,14,
371,372,7,"Oct 17, 1981",Sat,Arizona State,45,,California,17,
372,373,7,"Oct 17, 1981",Sat,Arkansas,42,,Texas,11,
373,374,7,"Oct 17, 1981",Sat,Army,34,,Princeton,0,
374,375,7,"Oct 17, 1981",Sat,Auburn,31,@,Georgia Tech,7,
375,376,7,"Oct 17, 1981",Sat,Baylor,19,,Texas A&M;,17,
376,377,7,"Oct 17, 1981",Sat,Bowling Green State,17,@,Northern Illinois,10,
377,378,7,"Oct 17, 1981",Sat,Brigham Young,27,@,San Diego State,7,
378,379,7,"Oct 17, 1981",Sat,Chattanooga,3,@,Arkansas State,2,
379,380,7,"Oct 17, 1981",Sat,Cincinnati,27,,Richmond,18,
380,381,7,"Oct 17, 1981",Sat,Citadel,23,,Davidson,3,
381,382,7,"Oct 17, 1981",Sat,Clemson,38,@,Duke,10,
382,383,7,"Oct 17, 1981",Sat,Colgate,30,,Lafayette,0,
383,384,7,"Oct 17, 1981",Sat,Colorado,11,,Oklahoma State,10,
384,385,7,"Oct 17, 1981",Sat,Connecticut,44,,Holy Cross,24,
385,386,7,"Oct 17, 1981",Sat,Cornell,14,@,Brown,9,
386,387,7,"Oct 17, 1981",Sat,Dartmouth,24,@,Harvard,10,
387,388,7,"Oct 17, 1981",Sat,East Carolina,35,,Louisiana-Lafayette,31,
388,389,7,"Oct 17, 1981",Sat,East Tennessee State,34,@,Western Carolina,23,
389,390,7,"Oct 17, 1981",Sat,Florida,49,,Mississippi,3,
390,391,7,"Oct 17, 1981",Sat,Furman,30,@,James Madison,14,
391,392,7,"Oct 17, 1981",Sat,Georgia,53,@,Vanderbilt,21,
392,393,7,"Oct 17, 1981",Sat,Hawaii,23,,New Mexico,13,
393,394,7,"Oct 17, 1981",Sat,Indiana,17,,Minnesota,16,
394,395,7,"Oct 17, 1981",Sat,Iowa,9,@,Michigan,7,
395,396,7,"Oct 17, 1981",Sat,Iowa State,34,,Missouri,13,
396,397,7,"Oct 17, 1981",Sat,Kent State,17,@,Ball State,7,
397,398,7,"Oct 17, 1981",Sat,Louisiana State,24,,Kentucky,10,
398,399,7,"Oct 17, 1981",Sat,Louisiana Tech,16,@,Lamar,7,
399,400,7,"Oct 17, 1981",Sat,Maryland,45,@,Wake Forest,33,
400,401,7,"Oct 17, 1981",Sat,McNeese State,41,,Louisiana-Monroe,25,
401,402,7,"Oct 17, 1981",Sat,Miami (OH),20,,Western Michigan,19,
402,403,7,"Oct 17, 1981",Sat,Michigan State,33,,Wisconsin,14,
403,404,7,"Oct 17, 1981",Sat,Mississippi State,14,,Miami (FL),10,
404,405,7,"Oct 17, 1981",Sat,Navy,25,@,Boston College,10,
405,406,7,"Oct 17, 1981",Sat,Nebraska,49,@,Kansas State,3,
406,407,7,"Oct 17, 1981",Sat,New Mexico State,20,@,Illinois State,10,
407,408,7,"Oct 17, 1981",Sat,North Carolina,21,@,North Carolina State,10,
408,409,7,"Oct 17, 1981",Sat,Ohio,29,,Eastern Michigan,7,
409,410,7,"Oct 17, 1981",Sat,Ohio State,34,,Illinois,27,
410,411,7,"Oct 17, 1981",Sat,Oklahoma,45,,Kansas,7,
411,412,7,"Oct 17, 1981",Sat,Pacific,17,@,Long Beach State,10,
412,413,7,"Oct 17, 1981",Sat,Penn State,41,@,Syracuse,16,
413,414,7,"Oct 17, 1981",Sat,Pittsburgh,42,,Florida State,14,
414,415,7,"Oct 17, 1981",Sat,Purdue,35,@,Northwestern,0,
415,416,7,"Oct 17, 1981",Sat,Rice,30,@,Texas Tech,23,
416,417,7,"Oct 17, 1981",Sat,San Jose State,45,,Cal State Fullerton,23,
417,418,7,"Oct 17, 1981",Sat,South Carolina,21,,Virginia,3,
418,419,7,"Oct 17, 1981",Sat,Southern California,25,,Stanford,17,
419,420,7,"Oct 17, 1981",Sat,Southern Illinois,24,@,Fresno State,18,
420,421,7,"Oct 17, 1981",Sat,Southern Methodist,38,@,Houston,22,
421,422,7,"Oct 17, 1981",Sat,Southern Mississippi,10,@,Memphis,0,
422,423,7,"Oct 17, 1981",Sat,Temple,24,@,Rutgers,12,
423,424,7,"Oct 17, 1981",Sat,Tennessee State,42,@,Louisville,30,
424,425,7,"Oct 17, 1981",Sat,Toledo,17,,Central Michigan,3,
425,426,7,"Oct 17, 1981",Sat,Tulane,31,@,Air Force,13,
426,427,7,"Oct 17, 1981",Sat,Tulsa,20,@,Indiana State,19,
427,428,7,"Oct 17, 1981",Sat,UCLA,17,,Washington State,17,
428,429,7,"Oct 17, 1981",Sat,Utah,24,@,Colorado State,13,
429,430,7,"Oct 17, 1981",Sat,Utah State,13,,Texas Christian,13,
430,431,7,"Oct 17, 1981",Sat,Virginia Military Institute,14,,Appalachian State,14,
431,432,7,"Oct 17, 1981",Sat,Washington,56,,Oregon State,17,
432,433,7,"Oct 17, 1981",Sat,West Texas A&M;,23,@,Wichita State,17,
433,434,7,"Oct 17, 1981",Sat,West Virginia,27,,Virginia Tech,6,
434,435,7,"Oct 17, 1981",Sat,William & Mary,38,,Marshall,7,
435,436,7,"Oct 17, 1981",Sat,Wyoming,63,,Texas-El Paso,12,
436,437,7,"Oct 17, 1981",Sat,Yale,48,@,Columbia,17,
437,438,8,"Oct 24, 1981",Sat,Air Force,20,@,Oregon,10,
438,439,8,"Oct 24, 1981",Sat,Alabama,31,,Rutgers,7,
439,440,8,"Oct 24, 1981",Sat,Arizona State,62,@,Stanford,36,
440,441,8,"Oct 24, 1981",Sat,Baylor,34,,Texas Christian,21,
441,442,8,"Oct 24, 1981",Sat,Boston College,41,@,Army,6,
442,443,8,"Oct 24, 1981",Sat,Bowling Green State,38,,Toledo,0,
443,444,8,"Oct 24, 1981",Sat,Central Michigan,24,,Kent State,3,
444,445,8,"Oct 24, 1981",Sat,Citadel,55,,Newberry,14,
445,446,8,"Oct 24, 1981",Sat,Clemson,17,,North Carolina State,7,
446,447,8,"Oct 24, 1981",Sat,Colgate,41,@,Columbia,3,
447,448,8,"Oct 24, 1981",Sat,Dartmouth,42,,Cornell,7,
448,449,8,"Oct 24, 1981",Sat,Drake,21,,West Texas A&M;,13,
449,450,8,"Oct 24, 1981",Sat,East Tennessee State,34,@,Wofford,8,
450,451,8,"Oct 24, 1981",Sat,Florida State,38,@,Louisiana State,14,
451,452,8,"Oct 24, 1981",Sat,Fresno State,30,@,Pacific,27,
452,453,8,"Oct 24, 1981",Sat,Furman,38,,Liberty,14,
453,454,8,"Oct 24, 1981",Sat,Georgia,21,,Kentucky,0,
454,455,8,"Oct 24, 1981",Sat,Hawaii,28,@,San Diego State,10,
455,456,8,"Oct 24, 1981",Sat,Holy Cross,34,,Brown,24,
456,457,8,"Oct 24, 1981",Sat,Houston,20,@,Arkansas,17,"Little Rock, AR"
457,458,8,"Oct 24, 1981",Sat,Illinois,23,,Wisconsin,21,
458,459,8,"Oct 24, 1981",Sat,Indiana State,34,,Illinois State,14,
459,460,8,"Oct 24, 1981",Sat,Iowa State,17,,Colorado,10,
460,461,8,"Oct 24, 1981",Sat,Kansas,17,,Kansas State,14,
461,462,8,"Oct 24, 1981",Sat,Long Beach State,10,,Cal State Fullerton,9,
462,463,8,"Oct 24, 1981",Sat,Louisiana Tech,37,,Northwestern State,33,"Shreveport, LA"
463,464,8,"Oct 24, 1981",Sat,Maryland,24,,Duke,21,
464,465,8,"Oct 24, 1981",Sat,McNeese State,21,,Arkansas State,7,
465,466,8,"Oct 24, 1981",Sat,Miami (FL),31,@,East Carolina,6,
466,467,8,"Oct 24, 1981",Sat,Miami (OH),40,,Ohio,14,
467,468,8,"Oct 24, 1981",Sat,Michigan,38,,Northwestern,0,
468,469,8,"Oct 24, 1981",Sat,Minnesota,12,@,Iowa,10,
469,470,8,"Oct 24, 1981",Sat,Mississippi State,21,@,Auburn,17,
470,471,8,"Oct 24, 1981",Sat,Navy,27,,William & Mary,0,
471,472,8,"Oct 24, 1981",Sat,Nebraska,6,@,Missouri,0,
472,473,8,"Oct 24, 1981",Sat,New Mexico,17,@,New Mexico State,13,
473,474,8,"Oct 24, 1981",Sat,Northern Illinois,30,@,Eastern Michigan,7,
474,475,8,"Oct 24, 1981",Sat,Ohio State,29,,Indiana,10,
475,476,8,"Oct 24, 1981",Sat,Oklahoma,42,,Oregon State,3,
476,477,8,"Oct 24, 1981",Sat,Oklahoma State,19,,Louisville,11,
477,478,8,"Oct 24, 1981",Sat,Penn State,30,,West Virginia,7,
478,479,8,"Oct 24, 1981",Sat,Pittsburgh,23,,Syracuse,10,
479,480,8,"Oct 24, 1981",Sat,Princeton,17,,Harvard,17,
480,481,8,"Oct 24, 1981",Sat,Purdue,27,,Michigan State,26,
481,482,8,"Oct 24, 1981",Sat,San Jose State,27,@,Utah State,24,
482,483,8,"Oct 24, 1981",Sat,South Carolina,31,@,North Carolina,13,
483,484,8,"Oct 24, 1981",Sat,Southeastern Louisiana,50,,Louisiana-Monroe,47,
484,485,8,"Oct 24, 1981",Sat,Southern California,14,@,Notre Dame,7,
485,486,8,"Oct 24, 1981",Sat,Southern Illinois,41,,Louisiana-Lafayette,0,
486,487,8,"Oct 24, 1981",Sat,Temple,24,@,Cincinnati,13,
487,488,8,"Oct 24, 1981",Sat,Tennessee,28,@,Memphis,9,
488,489,8,"Oct 24, 1981",Sat,Texas,9,@,Southern Methodist,7,
489,490,8,"Oct 24, 1981",Sat,Texas A&M;,51,@,Rice,26,
490,491,8,"Oct 24, 1981",Sat,Texas-Arlington,7,,North Texas,6,"Irving, TX"
491,492,8,"Oct 24, 1981",Sat,Texas-El Paso,35,,Colorado State,29,
492,493,8,"Oct 24, 1981",Sat,Tulane,27,,Georgia Tech,10,
493,494,8,"Oct 24, 1981",Sat,Tulsa,52,,Wichita State,21,
494,495,8,"Oct 24, 1981",Sat,UCLA,34,,California,6,
495,496,8,"Oct 24, 1981",Sat,Utah,69,@,Nevada-Las Vegas,28,
496,497,8,"Oct 24, 1981",Sat,Vanderbilt,27,@,Mississippi,23,
497,498,8,"Oct 24, 1981",Sat,Virginia Military Institute,20,@,Marshall,16,
498,499,8,"Oct 24, 1981",Sat,Virginia Tech,34,,Appalachian State,12,
499,500,8,"Oct 24, 1981",Sat,Wake Forest,24,@,Virginia,21,
500,501,8,"Oct 24, 1981",Sat,Washington,14,@,Texas Tech,7,
501,502,8,"Oct 24, 1981",Sat,Washington State,34,@,Arizona,19,
502,503,8,"Oct 24, 1981",Sat,Western Carolina,24,,Chattanooga,10,
503,504,8,"Oct 24, 1981",Sat,Western Michigan,14,,Ball State,3,
504,505,8,"Oct 24, 1981",Sat,Wyoming,33,,Brigham Young,20,
505,506,8,"Oct 24, 1981",Sat,Yale,24,,Pennsylvania,3,
506,507,9,"Oct 31, 1981",Sat,Air Force,7,,Army,3,
507,508,9,"Oct 31, 1981",Sat,Alabama,13,,Mississippi State,10,
508,509,9,"Oct 31, 1981",Sat,Arizona,48,,Texas-El Paso,15,
509,510,9,"Oct 31, 1981",Sat,Arizona State,31,,San Jose State,24,
510,511,9,"Oct 31, 1981",Sat,Arkansas,41,@,Rice,7,
511,512,9,"Oct 31, 1981",Sat,Arkansas State,10,@,Texas-Arlington,7,
512,513,9,"Oct 31, 1981",Sat,Auburn,14,,Florida,12,
513,514,9,"Oct 31, 1981",Sat,Ball State,35,,Eastern Michigan,13,
514,515,9,"Oct 31, 1981",Sat,Bowling Green State,13,,Kent State,7,
515,516,9,"Oct 31, 1981",Sat,Brigham Young,31,,New Mexico,7,
516,517,9,"Oct 31, 1981",Sat,California,45,,Oregon State,3,
517,518,9,"Oct 31, 1981",Sat,Central Michigan,38,@,Ohio,21,
518,519,9,"Oct 31, 1981",Sat,Chattanooga,17,@,East Tennessee State,0,
519,520,9,"Oct 31, 1981",Sat,Cincinnati,17,,Tulane,13,
520,521,9,"Oct 31, 1981",Sat,Citadel,21,,Presbyterian,3,
521,522,9,"Oct 31, 1981",Sat,Clemson,82,,Wake Forest,24,
522,523,9,"Oct 31, 1981",Sat,Cornell,22,,Bucknell,15,
523,524,9,"Oct 31, 1981",Sat,Duke,38,@,Georgia Tech,24,
524,525,9,"Oct 31, 1981",Sat,Florida State,56,,Western Carolina,31,
525,526,9,"Oct 31, 1981",Sat,Furman,35,,Marshall,3,
526,527,9,"Oct 31, 1981",Sat,Georgia,49,,Temple,3,
527,528,9,"Oct 31, 1981",Sat,Harvard,41,@,Brown,7,
528,529,9,"Oct 31, 1981",Sat,Hawaii,57,,Nevada-Las Vegas,21,
529,530,9,"Oct 31, 1981",Sat,Holy Cross,14,,Columbia,7,
530,531,9,"Oct 31, 1981",Sat,Houston,20,@,Texas Christian,16,
531,532,9,"Oct 31, 1981",Sat,Illinois,24,,Iowa,7,
532,533,9,"Oct 31, 1981",Sat,Kansas State,10,,Iowa State,7,
533,534,9,"Oct 31, 1981",Sat,Louisiana State,27,,Mississippi,27,"Jackson, MS"
534,535,9,"Oct 31, 1981",Sat,Louisiana Tech,17,,Louisiana-Lafayette,17,
535,536,9,"Oct 31, 1981",Sat,Louisiana-Monroe,55,,Nicholls State,18,
536,537,9,"Oct 31, 1981",Sat,McNeese State,20,,Lamar,20,
537,538,9,"Oct 31, 1981",Sat,Miami (FL),17,,Penn State,14,
538,539,9,"Oct 31, 1981",Sat,Michigan,34,@,Minnesota,13,
539,540,9,"Oct 31, 1981",Sat,Michigan State,26,,Indiana,3,
540,541,9,"Oct 31, 1981",Sat,Nebraska,31,,Kansas,15,
541,542,9,"Oct 31, 1981",Sat,New Mexico State,31,,Western Illinois,24,
542,543,9,"Oct 31, 1981",Sat,North Carolina,17,@,Maryland,10,
543,544,9,"Oct 31, 1981",Sat,Notre Dame,38,,Navy,0,
544,545,9,"Oct 31, 1981",Sat,Ohio State,45,@,Purdue,33,
545,546,9,"Oct 31, 1981",Sat,Oklahoma,49,,Colorado,0,
546,547,9,"Oct 31, 1981",Sat,Oklahoma State,16,@,Missouri,12,
547,548,9,"Oct 31, 1981",Sat,Pacific,17,,Cal State Fullerton,16,
548,549,9,"Oct 31, 1981",Sat,Pittsburgh,29,@,Boston College,24,
549,550,9,"Oct 31, 1981",Sat,Princeton,38,@,Pennsylvania,30,
550,551,9,"Oct 31, 1981",Sat,South Carolina,20,,North Carolina State,12,
551,552,9,"Oct 31, 1981",Sat,Southern California,41,,Washington State,17,
552,553,9,"Oct 31, 1981",Sat,Southern Illinois,17,@,Indiana State,3,
553,554,9,"Oct 31, 1981",Sat,Southern Methodist,27,@,Texas A&M;,7,
554,555,9,"Oct 31, 1981",Sat,Southern Mississippi,22,@,North Texas,0,
555,556,9,"Oct 31, 1981",Sat,Syracuse,47,,Colgate,24,
556,557,9,"Oct 31, 1981",Sat,Texas,26,,Texas Tech,9,
557,558,9,"Oct 31, 1981",Sat,Toledo,17,,Miami (OH),10,
558,559,9,"Oct 31, 1981",Sat,Tulsa,59,,Drake,6,
559,560,9,"Oct 31, 1981",Sat,UCLA,28,@,Oregon,11,
560,561,9,"Oct 31, 1981",Sat,Utah,17,,San Diego State,14,
561,562,9,"Oct 31, 1981",Sat,Utah State,20,,Fresno State,0,
562,563,9,"Oct 31, 1981",Sat,Vanderbilt,26,,Memphis,0,
563,564,9,"Oct 31, 1981",Sat,Virginia,13,,Virginia Military Institute,10,
564,565,9,"Oct 31, 1981",Sat,Virginia Tech,29,@,Kentucky,3,
565,566,9,"Oct 31, 1981",Sat,Washington,42,,Stanford,31,
566,567,9,"Oct 31, 1981",Sat,West Virginia,20,,East Carolina,3,
567,568,9,"Oct 31, 1981",Sat,Western Michigan,23,@,Northern Illinois,12,
568,569,9,"Oct 31, 1981",Sat,Wichita State,38,,Illinois State,7,
569,570,9,"Oct 31, 1981",Sat,William & Mary,31,,James Madison,19,
570,571,9,"Oct 31, 1981",Sat,Wisconsin,52,,Northwestern,0,
571,572,9,"Oct 31, 1981",Sat,Wyoming,55,,Colorado State,21,
572,573,9,"Oct 31, 1981",Sat,Yale,24,,Dartmouth,3,
573,574,10,"Nov 7, 1981",Sat,Arkansas,41,,Baylor,39,"Little Rock, AR"
574,575,10,"Nov 7, 1981",Sat,Arkansas State,16,,Lamar,9,
575,576,10,"Nov 7, 1981",Sat,Auburn,20,,North Texas,0,
576,577,10,"Nov 7, 1981",Sat,Boston College,52,,Massachusetts,22,
577,578,10,"Nov 7, 1981",Sat,Bowling Green State,14,@,Ball State,10,
578,579,10,"Nov 7, 1981",Sat,Brigham Young,63,@,Colorado State,14,
579,580,10,"Nov 7, 1981",Sat,Brown,10,,Rhode Island,8,
580,581,10,"Nov 7, 1981",Sat,Cal State Fullerton,20,,Boise State,17,
581,582,10,"Nov 7, 1981",Sat,Cincinnati,38,,Memphis,7,
582,583,10,"Nov 7, 1981",Sat,Citadel,28,,Chattanooga,28,
583,584,10,"Nov 7, 1981",Sat,Clemson,10,@,North Carolina,8,
584,585,10,"Nov 7, 1981",Sat,Colgate,24,,Bucknell,6,
585,586,10,"Nov 7, 1981",Sat,Dartmouth,21,@,Columbia,7,
586,587,10,"Nov 7, 1981",Sat,Delaware,40,@,Pennsylvania,6,
587,588,10,"Nov 7, 1981",Sat,Drake,22,@,Southern Illinois,17,
588,589,10,"Nov 7, 1981",Sat,Duke,31,@,Wake Forest,10,
589,590,10,"Nov 7, 1981",Sat,East Carolina,66,@,East Tennessee State,23,
590,591,10,"Nov 7, 1981",Sat,Fresno State,42,,Nevada-Las Vegas,26,
591,592,10,"Nov 7, 1981",Sat,Furman,30,@,Davidson,12,
592,593,10,"Nov 7, 1981",Sat,Georgia,26,,Florida,21,"Jacksonville, FL"
593,594,10,"Nov 7, 1981",Sat,Harvard,23,@,William & Mary,14,
594,595,10,"Nov 7, 1981",Sat,Hawaii,35,@,Texas-El Paso,7,
595,596,10,"Nov 7, 1981",Sat,Holy Cross,28,@,Army,13,
596,597,10,"Nov 7, 1981",Sat,Iowa,33,,Purdue,7,
597,598,10,"Nov 7, 1981",Sat,Kansas,24,@,Iowa State,11,
598,599,10,"Nov 7, 1981",Sat,Kent State,13,,Eastern Michigan,7,
599,600,10,"Nov 7, 1981",Sat,Kentucky,17,@,Vanderbilt,10,
600,601,10,"Nov 7, 1981",Sat,Louisiana-Monroe,40,@,Louisville,7,
601,602,10,"Nov 7, 1981",Sat,Maine,55,@,Princeton,44,
602,603,10,"Nov 7, 1981",Sat,Marshall,17,@,Appalachian State,10,
603,604,10,"Nov 7, 1981",Sat,McNeese State,27,,Louisiana Tech,20,
604,605,10,"Nov 7, 1981",Sat,Miami (FL),27,@,Florida State,19,
605,606,10,"Nov 7, 1981",Sat,Miami (OH),7,@,Central Michigan,3,
606,607,10,"Nov 7, 1981",Sat,Michigan,70,,Illinois,21,
607,608,10,"Nov 7, 1981",Sat,Michigan State,61,@,Northwestern,14,
608,609,10,"Nov 7, 1981",Sat,Minnesota,35,,Ohio State,31,
609,610,10,"Nov 7, 1981",Sat,Missouri,30,@,Colorado,14,
610,611,10,"Nov 7, 1981",Sat,Navy,35,,Syracuse,23,
611,612,10,"Nov 7, 1981",Sat,Nebraska,54,@,Oklahoma State,7,
612,613,10,"Nov 7, 1981",Sat,Northern Illinois,38,,Ohio,14,
613,614,10,"Nov 7, 1981",Sat,Notre Dame,35,,Georgia Tech,3,
614,615,10,"Nov 7, 1981",Sat,Oklahoma,28,@,Kansas State,21,
615,616,10,"Nov 7, 1981",Sat,Pacific,23,@,South Carolina,21,
616,617,10,"Nov 7, 1981",Sat,Penn State,22,@,North Carolina State,15,
617,618,10,"Nov 7, 1981",Sat,Pittsburgh,47,@,Rutgers,3,"East Rutherford, NJ"
618,619,10,"Nov 7, 1981",Sat,Richmond,45,@,Virginia Military Institute,14,
619,620,10,"Nov 7, 1981",Sat,Southern California,21,@,California,3,
620,621,10,"Nov 7, 1981",Sat,Southern Methodist,33,,Rice,12,
621,622,10,"Nov 7, 1981",Sat,Southern Mississippi,7,,Mississippi State,6,"Jackson, MS"
622,623,10,"Nov 7, 1981",Sat,Stanford,63,@,Oregon State,9,
623,624,10,"Nov 7, 1981",Sat,Tennessee,24,,Wichita State,21,
624,625,10,"Nov 7, 1981",Sat,Texas,14,,Houston,14,
625,626,10,"Nov 7, 1981",Sat,Texas Christian,39,,Texas Tech,39,
626,627,10,"Nov 7, 1981",Sat,Texas-Arlington,23,@,Louisiana-Lafayette,7,
627,628,10,"Nov 7, 1981",Sat,Toledo,28,@,Western Michigan,14,
628,629,10,"Nov 7, 1981",Sat,Tulane,14,,Maryland,7,
629,630,10,"Nov 7, 1981",Sat,Tulsa,31,,New Mexico State,0,
630,631,10,"Nov 7, 1981",Sat,UCLA,31,,Washington,0,
631,632,10,"Nov 7, 1981",Sat,Utah,7,,New Mexico,7,
632,633,10,"Nov 7, 1981",Sat,Utah State,28,@,Long Beach State,2,
633,634,10,"Nov 7, 1981",Sat,Washington State,39,,Oregon,7,
634,635,10,"Nov 7, 1981",Sat,West Texas A&M;,17,,Indiana State,14,
635,636,10,"Nov 7, 1981",Sat,West Virginia,24,,Temple,19,
636,637,10,"Nov 7, 1981",Sat,Wisconsin,28,@,Indiana,7,
637,638,10,"Nov 7, 1981",Sat,Wyoming,24,@,San Diego State,13,
638,639,10,"Nov 7, 1981",Sat,Yale,23,@,Cornell,17,
639,640,11,"Nov 14, 1981",Sat,Alabama,31,@,Penn State,16,
640,641,11,"Nov 14, 1981",Sat,Arizona,40,@,Oregon State,7,
641,642,11,"Nov 14, 1981",Sat,Arkansas,10,@,Texas A&M;,7,
642,643,11,"Nov 14, 1981",Sat,Bowling Green State,28,@,Eastern Michigan,0,
643,644,11,"Nov 14, 1981",Sat,Brigham Young,13,@,Hawaii,3,
644,645,11,"Nov 14, 1981",Sat,Central Michigan,28,@,Ball State,7,
645,646,11,"Nov 14, 1981",Sat,Chattanooga,28,,Tennessee State,9,
646,647,11,"Nov 14, 1981",Sat,Cincinnati,24,,Louisville,0,
647,648,11,"Nov 14, 1981",Sat,Citadel,24,,Wofford,14,
648,649,11,"Nov 14, 1981",Sat,Clemson,21,,Maryland,7,
649,650,11,"Nov 14, 1981",Sat,Colgate,32,@,Holy Cross,13,
650,651,11,"Nov 14, 1981",Sat,Cornell,15,,Columbia,9,
651,652,11,"Nov 14, 1981",Sat,Dartmouth,38,,Brown,13,
652,653,11,"Nov 14, 1981",Sat,Drake,13,@,Illinois State,10,
653,654,11,"Nov 14, 1981",Sat,Duke,17,,North Carolina State,7,
654,655,11,"Nov 14, 1981",Sat,East Tennessee State,21,,Appalachian State,14,
655,656,11,"Nov 14, 1981",Sat,Florida,33,,Kentucky,12,
656,657,11,"Nov 14, 1981",Sat,Fresno State,31,@,Long Beach State,30,
657,658,11,"Nov 14, 1981",Sat,Furman,33,@,Virginia Military Institute,21,
658,659,11,"Nov 14, 1981",Sat,Georgia,24,,Auburn,13,
659,660,11,"Nov 14, 1981",Sat,Harvard,45,,Pennsylvania,7,
660,661,11,"Nov 14, 1981",Sat,Idaho State,50,,Utah State,24,
661,662,11,"Nov 14, 1981",Sat,Illinois,35,,Indiana,14,
662,663,11,"Nov 14, 1981",Sat,Indiana State,27,@,Eastern Illinois,14,
663,664,11,"Nov 14, 1981",Sat,Iowa,17,@,Wisconsin,7,
664,665,11,"Nov 14, 1981",Sat,Kansas,27,,Colorado,0,
665,666,11,"Nov 14, 1981",Sat,Lamar,14,,Louisiana-Lafayette,12,
666,667,11,"Nov 14, 1981",Sat,Louisiana Tech,32,,Arkansas State,0,
667,668,11,"Nov 14, 1981",Sat,Miami (FL),21,,Virginia Tech,14,
668,669,11,"Nov 14, 1981",Sat,Miami (OH),30,,Northern Illinois,3,
669,670,11,"Nov 14, 1981",Sat,Michigan,28,@,Purdue,10,
670,671,11,"Nov 14, 1981",Sat,Michigan State,43,,Minnesota,36,
671,672,11,"Nov 14, 1981",Sat,Mississippi State,17,@,Louisiana State,9,
672,673,11,"Nov 14, 1981",Sat,Missouri,19,,Oklahoma,14,
673,674,11,"Nov 14, 1981",Sat,Navy,20,@,Georgia Tech,14,
674,675,11,"Nov 14, 1981",Sat,Nebraska,31,,Iowa State,7,
675,676,11,"Nov 14, 1981",Sat,New Mexico,28,@,Colorado State,16,
676,677,11,"Nov 14, 1981",Sat,North Carolina,17,@,Virginia,14,
677,678,11,"Nov 14, 1981",Sat,North Texas,17,@,Louisiana-Monroe,14,
678,679,11,"Nov 14, 1981",Sat,Northern Michigan,32,@,Wichita State,30,
679,680,11,"Nov 14, 1981",Sat,Notre Dame,35,@,Air Force,7,
680,681,11,"Nov 14, 1981",Sat,Ohio,37,,Western Michigan,20,
681,682,11,"Nov 14, 1981",Sat,Ohio State,70,,Northwestern,6,
682,683,11,"Nov 14, 1981",Sat,Oklahoma State,31,,Kansas State,10,
683,684,11,"Nov 14, 1981",Sat,Pittsburgh,48,,Army,0,
684,685,11,"Nov 14, 1981",Sat,Princeton,35,,Yale,31,
685,686,11,"Nov 14, 1981",Sat,Rice,17,@,Baylor,14,
686,687,11,"Nov 14, 1981",Sat,San Diego State,38,@,Nevada-Las Vegas,20,
687,688,11,"Nov 14, 1981",Sat,San Jose State,40,,Pacific,25,
688,689,11,"Nov 14, 1981",Sat,Southern Illinois,23,@,New Mexico State,15,
689,690,11,"Nov 14, 1981",Sat,Southern Methodist,30,,Texas Tech,6,
690,691,11,"Nov 14, 1981",Sat,Southern Mississippi,58,@,Florida State,14,
691,692,11,"Nov 14, 1981",Sat,Stanford,42,,Oregon,3,
692,693,11,"Nov 14, 1981",Sat,Syracuse,27,,Boston College,17,
693,694,11,"Nov 14, 1981",Sat,Tennessee,28,,Mississippi,20,
694,695,11,"Nov 14, 1981",Sat,Texas,31,,Texas Christian,15,
695,696,11,"Nov 14, 1981",Sat,Texas-Arlington,21,,McNeese State,20,
696,697,11,"Nov 14, 1981",Sat,Toledo,17,,Kent State,0,
697,698,11,"Nov 14, 1981",Sat,Tulane,24,@,Memphis,7,
698,699,11,"Nov 14, 1981",Sat,Tulsa,24,@,West Texas A&M;,10,
699,700,11,"Nov 14, 1981",Sat,UCLA,34,,Arizona State,24,
700,701,11,"Nov 14, 1981",Sat,Utah,30,,Wyoming,27,
701,702,11,"Nov 14, 1981",Sat,Wake Forest,34,@,Richmond,22,
702,703,11,"Nov 14, 1981",Sat,Washington,13,,Southern California,3,
703,704,11,"Nov 14, 1981",Sat,Washington State,19,,California,0,"Spokane, WA"
704,705,11,"Nov 14, 1981",Sat,West Virginia,20,,Rutgers,3,
705,706,11,"Nov 14, 1981",Sat,Western Carolina,38,@,Marshall,28,
706,707,11,"Nov 14, 1981",Sat,William & Mary,31,@,East Carolina,21,
707,708,12,"Nov 21, 1981",Sat,Arizona State,52,,Colorado State,7,
708,709,12,"Nov 21, 1981",Sat,Arkansas State,31,,Tulsa,7,
709,710,12,"Nov 21, 1981",Sat,Ball State,14,@,Illinois State,10,
710,711,12,"Nov 21, 1981",Sat,Boston College,27,,Rutgers,21,
711,712,12,"Nov 21, 1981",Sat,Brigham Young,56,,Utah,28,
712,713,12,"Nov 21, 1981",Sat,Brown,23,,Columbia,20,
713,714,12,"Nov 21, 1981",Sat,Central Michigan,6,@,Bowling Green State,3,
714,715,12,"Nov 21, 1981",Sat,Citadel,35,,Furman,18,
715,716,12,"Nov 21, 1981",Sat,Clemson,29,@,South Carolina,13,
716,717,12,"Nov 21, 1981",Sat,Colorado,24,,Kansas State,21,
717,718,12,"Nov 21, 1981",Sat,Dartmouth,33,@,Pennsylvania,13,
718,719,12,"Nov 21, 1981",Sat,Drake,53,,Nebraska-Omaha,0,
719,720,12,"Nov 21, 1981",Sat,Fresno State,23,@,Arizona,17,
720,721,12,"Nov 21, 1981",Sat,Houston,15,,Texas Tech,7,
721,722,12,"Nov 21, 1981",Sat,Illinois,49,@,Northwestern,12,
722,723,12,"Nov 21, 1981",Sat,Indiana,20,,Purdue,17,
723,724,12,"Nov 21, 1981",Sat,Indiana State,42,@,Marshall,0,
724,725,12,"Nov 21, 1981",Sat,Iowa,36,,Michigan State,7,
725,726,12,"Nov 21, 1981",Sat,James Madison,17,,East Tennessee State,14,
726,727,12,"Nov 21, 1981",Sat,Kansas,19,,Missouri,11,
727,728,12,"Nov 21, 1981",Sat,Kentucky,21,,Tennessee,10,
728,729,12,"Nov 21, 1981",Sat,Louisville,13,,Southern Mississippi,10,
729,730,12,"Nov 21, 1981",Sat,Maryland,48,,Virginia,7,
730,731,12,"Nov 21, 1981",Sat,McNeese State,14,@,Louisiana-Lafayette,7,
731,732,12,"Nov 21, 1981",Sat,Miami (FL),14,@,North Carolina State,6,
732,733,12,"Nov 21, 1981",Sat,Miami (OH),7,,Cincinnati,3,
733,734,12,"Nov 21, 1981",Sat,Mississippi,21,,Mississippi State,17,"Jackson, MS"
734,735,12,"Nov 21, 1981",Sat,Nebraska,37,@,Oklahoma,14,
735,736,12,"Nov 21, 1981",Sat,Nevada,36,@,Cal State Fullerton,34,
736,737,12,"Nov 21, 1981",Sat,Nevada-Las Vegas,24,,Air Force,21,
737,738,12,"Nov 21, 1981",Sat,North Carolina,31,@,Duke,10,
738,739,12,"Nov 21, 1981",Sat,Northwestern State,41,,Louisiana-Monroe,9,
739,740,12,"Nov 21, 1981",Sat,Ohio,20,@,Kent State,7,
740,741,12,"Nov 21, 1981",Sat,Ohio State,14,@,Michigan,9,
741,742,12,"Nov 21, 1981",Sat,Oklahoma State,27,@,Iowa State,7,
742,743,12,"Nov 21, 1981",Sat,Oregon,47,,Oregon State,17,
743,744,12,"Nov 21, 1981",Sat,Pacific,23,@,Hawaii,17,
744,745,12,"Nov 21, 1981",Sat,Penn State,24,,Notre Dame,21,
745,746,12,"Nov 21, 1981",Sat,Pittsburgh,35,@,Temple,0,
746,747,12,"Nov 21, 1981",Sat,Princeton,37,,Cornell,14,
747,748,12,"Nov 21, 1981",Sat,San Diego State,59,,Texas-El Paso,14,
748,749,12,"Nov 21, 1981",Sat,San Jose State,24,@,Long Beach State,22,
749,750,12,"Nov 21, 1981",Sat,Southern California,22,,UCLA,21,
750,751,12,"Nov 21, 1981",Sat,Southern Methodist,32,@,Arkansas,18,
751,752,12,"Nov 21, 1981",Sat,Stanford,42,,California,21,
752,753,12,"Nov 21, 1981",Sat,Syracuse,27,,West Virginia,24,
753,754,12,"Nov 21, 1981",Sat,Texas,34,,Baylor,12,
754,755,12,"Nov 21, 1981",Sat,Texas A&M;,37,@,Texas Christian,7,
755,756,12,"Nov 21, 1981",Sat,Texas-Arlington,31,,Lamar,7,
756,757,12,"Nov 21, 1981",Sat,Toledo,31,@,Northern Illinois,0,
757,758,12,"Nov 21, 1981",Sat,Vanderbilt,28,,Chattanooga,14,
758,759,12,"Nov 21, 1981",Sat,Virginia Military Institute,6,@,Virginia Tech,0,
759,760,12,"Nov 21, 1981",Sat,Washington,23,,Washington State,10,
760,761,12,"Nov 21, 1981",Sat,West Texas A&M;,45,@,New Mexico State,9,
761,762,12,"Nov 21, 1981",Sat,Western Carolina,21,,Appalachian State,10,
762,763,12,"Nov 21, 1981",Sat,Western Michigan,38,,Eastern Michigan,7,
763,764,12,"Nov 21, 1981",Sat,William & Mary,35,,Richmond,21,
764,765,12,"Nov 21, 1981",Sat,Wisconsin,26,@,Minnesota,21,
765,766,12,"Nov 21, 1981",Sat,Wyoming,13,@,New Mexico,12,
766,767,12,"Nov 21, 1981",Sat,Yale,28,,Harvard,0,
767,768,13,"Nov 26, 1981",Thu,Richmond,18,,Pennsylvania,12,
768,769,13,"Nov 26, 1981",Thu,Texas,21,@,Texas A&M;,13,
769,770,13,"Nov 27, 1981",Fri,Miami (FL),37,,Notre Dame,15,
770,771,13,"Nov 28, 1981",Sat,Air Force,21,,San Diego State,16,"Mirage Bowl (Tokyo, Japan)"
771,772,13,"Nov 28, 1981",Sat,Alabama,28,,Auburn,17,"Birmingham, AL"
772,773,13,"Nov 28, 1981",Sat,Arizona State,24,,Arizona,13,
773,774,13,"Nov 28, 1981",Sat,Boston College,28,@,Holy Cross,24,
774,775,13,"Nov 28, 1981",Sat,Florida,35,,Florida State,3,
775,776,13,"Nov 28, 1981",Sat,Hawaii,59,,Colorado State,6,
776,777,13,"Nov 28, 1981",Sat,Houston,40,@,Rice,3,
777,778,13,"Nov 28, 1981",Sat,Navy,3,,Army,3,"Philadelphia, PA"
778,779,13,"Nov 28, 1981",Sat,Nevada-Las Vegas,27,@,Texas-El Paso,20,
779,780,13,"Nov 28, 1981",Sat,Oklahoma,27,@,Oklahoma State,3,
780,781,13,"Nov 28, 1981",Sat,Penn State,48,@,Pittsburgh,14,
781,782,13,"Nov 28, 1981",Sat,San Jose State,28,,North Texas,16,
782,783,13,"Nov 28, 1981",Sat,Southern Mississippi,45,,Lamar,14,
783,784,13,"Nov 28, 1981",Sat,Tennessee,38,,Vanderbilt,34,
784,785,13,"Nov 28, 1981",Sat,Tulane,48,,Louisiana State,7,
785,786,13,"Nov 28, 1981",Sat,Virginia Tech,20,@,Virginia,3,
786,787,14,"Dec 5, 1981",Sat,Georgia,44,@,Georgia Tech,7,
787,788,14,"Dec 5, 1981",Sat,Hawaii,33,,South Carolina,10,
788,789,15,"Dec 12, 1981",Sat,Texas A&M;,33,,Oklahoma State,16,"Independence Bowl (Shreveport, LA)"
789,790,15,"Dec 13, 1981",Sun,Tennessee,28,,Wisconsin,21,"Garden State Bowl (East Rutherford, NJ)"
790,791,16,"Dec 18, 1981",Fri,Brigham Young,38,,Washington State,36,"Holiday Bowl (San Diego, CA)"
791,792,16,"Dec 19, 1981",Sat,Missouri,19,,Southern Mississippi,17,"Tangerine Bowl (Orlando, FL)"
792,793,16,"Dec 19, 1981",Sat,Toledo,27,,San Jose State,25,"California Bowl (Fresno, CA)"
793,794,17,"Dec 26, 1981",Sat,Oklahoma,40,,Houston,14,"Sun Bowl (El Paso, TX)"
794,795,17,"Dec 28, 1981",Mon,North Carolina,31,,Arkansas,27,"Gator Bowl (Jacksonville, FL)"
795,796,18,"Dec 30, 1981",Wed,Ohio State,31,,Navy,28,"Liberty Bowl (Memphis, TN)"
796,797,18,"Dec 31, 1981",Thu,Michigan,33,,UCLA,14,"Bluebonnet Bowl (Houston, TX)"
797,798,18,"Dec 31, 1981",Thu,Mississippi State,10,,Kansas,0,"Hall of Fame Classic (Birmingham, AL)"
798,799,18,"Dec 31, 1981",Thu,West Virginia,26,,Florida,6,"Peach Bowl (Atlanta, GA)"
799,800,18,"Jan 1, 1982",Fri,Clemson,22,,Nebraska,15,"Orange Bowl (Miami, FL)"
800,801,18,"Jan 1, 1982",Fri,Penn State,26,,Southern California,10,"Fiesta Bowl (Tempe, AZ)"
801,802,18,"Jan 1, 1982",Fri,Pittsburgh,24,,Georgia,20,"Sugar Bowl (New Orleans, LA)"
802,803,18,"Jan 1, 1982",Fri,Texas,14,,Alabama,12,"Cotton Bowl (Dallas, TX)"
803,804,18,"Jan 1, 1982",Fri,Washington,28,,Iowa,0,"Rose Bowl (Pasadena, CA)"
